Date,Week,Content pillar,Concept,Hook,Video length,Format,Visual concept,Voiceover,On-screen text,CTA,Caption,Keywords,Hashtags,Audio guidance,Asset dependencies,Production status,Scheduled status,Experimental variable,Success metric
2026-10-05 (Mon),1,P1 Pain point,"4 friends, 873 different Steam games, nothing to play",4 friends. 873 games. Nothing to play?,9s,Template render,"Rings merge, count-up to 64, fun fact, end card","Four friends, almost nine hundred games between them... and somehow nothing to play. Here's what they all own.",4 friends · 873 games → 64 they ALL own,Question ending (no CTA),games to play with friends when nobody can decide — what's your group's number?,"games to play with friends, steam games in common",#steam #coopgames #gamestoplaywithfriends #webothplay,Off-camera VO (own voice or TikTok TTS) + UI SFX + low CML bed; swap bed before cross-posting,renderer template: overlap-reveal (posts.json id W01-MON); voiceover (own voice or TikTok TTS); end card (renderer end-card),Rendered — ready to post (marketing/renders/posts/),Planned — baseline (publish),Hook pattern: number-shock vs call-out,Shares per 1k views + comments
2026-10-06 (Tue),1,P7 Group chat energy (memes),'What do you guys want to play?' → silence,Every group chat at 9pm,9s,Template render,Text-message beats revealed one by one,—,what do you guys wanna play / idk whatever,Question ending (no CTA),every group chat at 9pm 😐 #gamestoplaywithfriends,what game should we play,#pcgaming #gamingmemes #steam #webothplay,"CML upbeat bed + UI SFX (clicks, whoosh on reveal); no copyrighted music",renderer template: meme-card (posts.json id W01-TUE); end card (renderer end-card),Rendered — ready to post (marketing/renders/posts/),Reserve bank — publish only in a confirmed event week or after the week-4 gate,Hook pattern: number-shock vs call-out,Shares per 1k views
2026-10-07 (Wed),1,P2 Instant demo,Paste 4 profiles → shared library in 5 seconds,Stop asking what everyone owns,20s,Screen recording + VO,"Record /compare?demo=1: paste links (or demo), results appear, scroll grid, tap 'Co-op' chip","Paste everyone's Steam profile. Five seconds later: every game you all own, sorted by what you actually play.",paste profiles → every game you ALL own,Compare your group's Steam libraries free — link in bio,compare steam libraries with your friends in seconds (free) #steam,"compare steam libraries, steam games in common",#coopgames #gamestoplaywithfriends #webothplay,Off-camera VO (own voice or TikTok TTS) + UI SFX + low CML bed; swap bed before cross-posting,renderer template: hook-overlay (posts.json id W01-WED); screen recording of webothplay.com/compare?demo=1 at 360×640 CSS px @3×; voiceover (own voice or TikTok TTS); end card (renderer end-card),Overlay rendered — add your screen recording of the demo,Planned — baseline (publish),Hook pattern: number-shock vs call-out,Profile visits + bio link clicks
2026-10-08 (Thu),1,P3 Squad stats (demo data),The 'carry' — one friend has all the hours,One friend: 36 hours. Everyone else: 0.,9s,Template render,"Big count-up 0→36h, then the zero line",Every group has one. The carry.,Nova: 36h · everyone else: 0h,Question ending (no CTA),"who's the carry in your group? (demo data, fictional friends)",multiplayer games steam,#pcgaming #multiplayergames #steamgames #webothplay,"CML upbeat bed + UI SFX (clicks, whoosh on reveal); no copyrighted music",renderer template: stat-card (posts.json id W01-THU); voiceover (own voice or TikTok TTS); end card (renderer end-card),Rendered — ready to post (marketing/renders/posts/),Reserve bank — publish only in a confirmed event week or after the week-4 gate,Hook pattern: number-shock vs call-out,Shares + saves
2026-10-09 (Fri),1,P4 Roulette,Spin It #1 — the roulette decides tonight,Can't decide? Spin it.,9s,Template render,Typographic reel spins and lands; 'Tonight's pick',No more twenty-minute debates. The wheel picks.,Tonight's pick: Left 4 Dead 2,Question ending (no CTA),steam game roulette for your friend group — would you accept the spin?,"steam game roulette, what game should we play",#steam #coopgames #gamestoplaywithfriends #webothplay,"CML upbeat bed + UI SFX (clicks, whoosh on reveal); no copyrighted music",renderer template: roulette (posts.json id W01-FRI); voiceover (own voice or TikTok TTS); end card (renderer end-card),Rendered — ready to post (marketing/renders/posts/),Planned — baseline (publish),Hook pattern: number-shock vs call-out,Completion rate (% watched in full)
2026-10-10 (Sat),1,Trend slot,Trend slot — adapt a trending format to 'deciding what to play',(from the trend),9–20s,Template + screen recording,Use a CML trending sound/format; fallback: post the reserve meme,—,—,Question ending (no CTA),—,games to play with friends,#steam #coopgames #gamestoplaywithfriends #webothplay,Trending sound ONLY if it is in the Commercial Music Library; else original audio,end card (renderer end-card),Fill on the day (≤30 min) — fallback concept noted,Trend slot — fill with a trending format or post the fallback,Hook pattern: number-shock vs call-out,Views at 24h vs. account median
2026-10-11 (Sun),1,P11 Ask the squad,Ask the squad: your group's fallback game,Your group's fallback game is…,9s,Template render,"Three lines, then end card",Every group has a fallback game. What's yours?,what's your group's fallback game?,Question ending (no CTA),be honest: what does your group ALWAYS fall back to? 👇,games to play with friends,#steam #coopgames #gamestoplaywithfriends #webothplay,"CML upbeat bed + UI SFX (clicks, whoosh on reveal); no copyrighted music",renderer template: meme-card (posts.json id W01-SUN); voiceover (own voice or TikTok TTS); end card (renderer end-card),Rendered — ready to post (marketing/renders/posts/),Planned — baseline (publish),Hook pattern: number-shock vs call-out,Comments (genuine replies)
2026-10-12 (Mon),2,P5 Pile of shame (backlog),"Pile of Shame #1 — everyone owns it, nobody played it",All 4 of us own this game.,9s,Template render,"Game title, 'Combined hours: 0' blinks",All four of us own it. Combined hours: zero.,Combined hours: 0,Question ending (no CTA),the steam backlog your whole group shares 💀 (demo data),steam backlog,#steam #coopgames #gamestoplaywithfriends #webothplay,"CML upbeat bed + UI SFX (clicks, whoosh on reveal); no copyrighted music",renderer template: nobody-played (posts.json id W02-MON); voiceover (own voice or TikTok TTS); end card (renderer end-card),Rendered — ready to post (marketing/renders/posts/),Planned — baseline (publish),Hook pattern: number-shock vs call-out,Saves
2026-10-13 (Tue),2,P9 Steam moments,Steam Next Fest: co-op demos worth trying as a group (only if Next Fest is live — verify dates),Free co-op demos this week,35s,Screen recording + VO,Screen-record Steam store Next Fest hub (no logos as hero); list 3 co-op demos; end on WeBothPlay,Next Fest has free co-op demos. Here are three to try with your group tonight.,3 free co-op demos (Next Fest),Question ending (no CTA),steam next fest co-op demos to play with friends #steamnextfest,"co-op games on steam, steam next fest",#coopgames #pcgaming #steam,Off-camera VO (own voice or TikTok TTS) + UI SFX + low CML bed; swap bed before cross-posting,renderer template: hook-overlay (posts.json id W02-TUE); screen recording of webothplay.com/compare?demo=1 at 360×640 CSS px @3×; voiceover (own voice or TikTok TTS); end card (renderer end-card),Blocked: verify event date at partner.steamgames.com/doc/marketing/upcoming_events,Event extra — verify the event date first; publish only if confirmed,Hook pattern: number-shock vs call-out,Search traffic share + link clicks
2026-10-14 (Wed),2,P2 Instant demo,Private profile? Here's who's hiding — and the fix,Your friend's games won't show up?,25s,Screen recording + VO,"Record a comparison with the private demo friend (76561190000000005): banner, 'Copy a message for them'","If a friend's games won't show, it's one Steam setting: Game details. We tell you who, and give you the message to send.",Game details → Public,Compare your group's Steam libraries free — link in bio,steam game details private? the 30-second fix 🔧,"steam game details private, compare steam libraries",#pcgaming #multiplayergames #steamgames #webothplay,Off-camera VO (own voice or TikTok TTS) + UI SFX + low CML bed; swap bed before cross-posting,renderer template: hook-overlay (posts.json id W02-WED); screen recording of webothplay.com/compare?demo=1 at 360×640 CSS px @3×; voiceover (own voice or TikTok TTS); end card (renderer end-card),Overlay rendered — add your screen recording of the demo,Planned — baseline (publish),Hook pattern: number-shock vs call-out,Profile visits + bio link clicks
2026-10-15 (Thu),2,P6 Already own it (recommendations),5 co-op games your group probably already owns (carousel),Co-op games you already own,carousel (7 slides),Photo Mode carousel,Cover + 5 slides + end card,—,5 co-op games you already own,Question ending (no CTA),co-op games on steam your group probably already owns — which one are you launching? save this,"co-op games on steam, games to play with friends",#steam #coopgames #gamestoplaywithfriends #webothplay,"CML upbeat bed + UI SFX (clicks, whoosh on reveal); no copyrighted music",renderer template: top-five (posts.json id W02-THU); end card (renderer end-card),Rendered — ready to post (marketing/renders/posts/),Reserve bank — publish only in a confirmed event week or after the week-4 gate,Hook pattern: number-shock vs call-out,Saves + Search traffic share
2026-10-16 (Fri),2,P3 Squad stats (demo data),The overlap you didn't know you had,We had 39 games in common??,9s,Template render,Rings merge → 39,We kept saying we had nothing in common. Thirty-nine games.,39 games in common · 80% overlap,Question ending (no CTA),steam games in common with your friends — guess your overlap % (demo data),steam games in common,#steam #coopgames #gamestoplaywithfriends #webothplay,Off-camera VO (own voice or TikTok TTS) + UI SFX + low CML bed; swap bed before cross-posting,renderer template: overlap-reveal (posts.json id W02-FRI); voiceover (own voice or TikTok TTS); end card (renderer end-card),Rendered — ready to post (marketing/renders/posts/),Planned — baseline (publish),Hook pattern: number-shock vs call-out,Shares + saves
2026-10-17 (Sat),2,Trend slot,Trend slot (fallback: 'Group Chat Energy' meme from bank),(from the trend),9–20s,Template render,Adapt the trend in <30 min or post fallback,—,—,Question ending (no CTA),—,what game should we play,#pcgaming #gamingmemes #steam #webothplay,Trending sound ONLY if it is in the Commercial Music Library; else original audio,end card (renderer end-card),Fill on the day (≤30 min) — fallback concept noted,Trend slot — fill with a trending format or post the fallback,Hook pattern: number-shock vs call-out,Views at 24h vs. account median
2026-10-18 (Sun),2,P4 Roulette,Spin It #2 — filtered to horror co-op first,Horror night. Let the wheel pick.,9s,Template render,Reel lands on Lethal Company,"Filter to horror co-op, then spin.",Tonight's pick: Lethal Company,Question ending (no CTA),co-op horror games to play with friends — the wheel has spoken,co-op games on steam,#steam #horrorgames #coopgames #halloween,"CML upbeat bed + UI SFX (clicks, whoosh on reveal); no copyrighted music",renderer template: roulette (posts.json id W02-SUN); voiceover (own voice or TikTok TTS); end card (renderer end-card),Rendered — ready to post (marketing/renders/posts/),Planned — baseline (publish),Hook pattern: number-shock vs call-out,Completion rate (% watched in full)
2026-10-19 (Mon),3,P2 Instant demo,One Copy Away — the game only one friend is missing,Everyone owns it except Juno,20s,Screen recording + VO,Record 'One copy away' tab on demo: Baldur's Gate 3 missing Juno; show store link,Three of us own it. One doesn't. That's the purchase that unlocks game night.,One copy away: 13 games,Compare your group's Steam libraries free — link in bio,the one game your friend still doesn't own 👀 (demo data),"multiplayer games steam, steam games in common",#steam #coopgames #gamestoplaywithfriends #webothplay,Off-camera VO (own voice or TikTok TTS) + UI SFX + low CML bed; swap bed before cross-posting,renderer template: hook-overlay (posts.json id W03-MON); screen recording of webothplay.com/compare?demo=1 at 360×640 CSS px @3×; voiceover (own voice or TikTok TTS); end card (renderer end-card),Overlay rendered — add your screen recording of the demo,Planned — baseline (publish),Length bucket: 9–20s vs 25–45s,Profile visits + bio link clicks
2026-10-20 (Tue),3,P7 Group chat energy (memes),"'I don't mind, you pick' → 40 minutes later","'I don't mind, you pick'",9s,Template render,Beats + end card,—,you pick / no you pick,Question ending (no CTA),the hardest multiplayer game is deciding what to launch,what game should we play,#pcgaming #gamingmemes #steam #webothplay,"CML upbeat bed + UI SFX (clicks, whoosh on reveal); no copyrighted music",renderer template: meme-card (posts.json id W03-TUE); end card (renderer end-card),Rendered — ready to post (marketing/renders/posts/),Reserve bank — publish only in a confirmed event week or after the week-4 gate,Length bucket: 9–20s vs 25–45s,Shares per 1k views
2026-10-21 (Wed),3,P8 Feature drops,Group vote with one veto each,Settle it with a vote. One veto each.,25s,Screen recording + VO,"Star 3 games → Start a vote → open /poll on phone → tap, veto → results","Shortlist three games, send the vote link. Everyone gets one veto. Highest score wins.",shortlist → vote link → one veto each,Compare your group's Steam libraries free — link in bio,how to pick a game with friends without a 30 minute debate,"what game should we play, games to play with friends",#steam #coopgames #gamestoplaywithfriends #webothplay,Off-camera VO (own voice or TikTok TTS) + UI SFX + low CML bed; swap bed before cross-posting,renderer template: hook-overlay (posts.json id W03-WED); screen recording of webothplay.com/compare?demo=1 at 360×640 CSS px @3×; voiceover (own voice or TikTok TTS); end card (renderer end-card),Overlay rendered — add your screen recording of the demo,Planned — baseline (publish),Length bucket: 9–20s vs 25–45s,Profile visits + site visits (utm)
2026-10-22 (Thu),3,P6 Already own it (recommendations),Remote Play Together: only the host needs the game,Only ONE of you needs to own it,9s,Template render,Stat card '1 copy',"In games that support Remote Play Together, only the host needs to own it.",1 copy · Remote Play Together,Question ending (no CTA),steam remote play together: friends join without buying (supported games) — did you know?,co-op games on steam,#pcgaming #multiplayergames #steamgames #webothplay,Off-camera VO (own voice or TikTok TTS) + UI SFX + low CML bed; swap bed before cross-posting,renderer template: stat-card (posts.json id W03-THU); voiceover (own voice or TikTok TTS); end card (renderer end-card),Rendered — ready to post (marketing/renders/posts/),Reserve bank — publish only in a confirmed event week or after the week-4 gate,Length bucket: 9–20s vs 25–45s,Saves + Search traffic share
2026-10-23 (Fri),3,P1 Pain point,Manually checking everyone's library vs. 5 seconds,Checking 4 libraries by hand?,15s,Template + screen recording,"Split: scrolling a Steam library forever (blurred, no logos) vs. WeBothPlay result",You could scroll four libraries... or paste four links.,30 minutes vs 5 seconds,Compare your group's Steam libraries free — link in bio,compare steam libraries the fast way (free),compare steam libraries,#steam #coopgames #gamestoplaywithfriends #webothplay,Off-camera VO (own voice or TikTok TTS) + UI SFX + low CML bed; swap bed before cross-posting,renderer template: hook-overlay (posts.json id W03-FRI); voiceover (own voice or TikTok TTS); end card (renderer end-card),Overlay rendered — add your screen recording of the demo,Planned — baseline (publish),Length bucket: 9–20s vs 25–45s,Shares per 1k views + comments
2026-10-24 (Sat),3,Trend slot,Trend slot (fallback: Ask the squad prompt),(from the trend),9–20s,Template render,Adapt or fallback,—,—,Question ending (no CTA),—,games to play with friends,#steam #coopgames #gamestoplaywithfriends #webothplay,Trending sound ONLY if it is in the Commercial Music Library; else original audio,end card (renderer end-card),Fill on the day (≤30 min) — fallback concept noted,Trend slot — fill with a trending format or post the fallback,Length bucket: 9–20s vs 25–45s,Views at 24h vs. account median
2026-10-25 (Sun),3,P3 Squad stats (demo data),Squad stats: hours your group has sunk into shared games,"Our group: 5,383 hours in shared games",9s,Template render,"Count-up 0→5,383h",Four friends. Over five thousand hours in games they all own.,"5,383 hours",Question ending (no CTA),how many hours has your group sunk into the same games? (demo data),multiplayer games steam,#pcgaming #multiplayergames #steamgames #webothplay,"CML upbeat bed + UI SFX (clicks, whoosh on reveal); no copyrighted music",renderer template: stat-card (posts.json id W03-SUN); voiceover (own voice or TikTok TTS); end card (renderer end-card),Rendered — ready to post (marketing/renders/posts/),Planned — baseline (publish),Length bucket: 9–20s vs 25–45s,Shares + saves
2026-10-26 (Mon),4,P6 Already own it (recommendations),Co-op horror your group already owns (Halloween),Halloween co-op you already own,carousel (7 slides),Photo Mode carousel,Cover + 5 + end,—,co-op horror you already own,Question ending (no CTA),co-op horror games to play with friends this halloween 🎃 save for friday,"co-op games on steam, horror games with friends",#steam #horrorgames #coopgames #halloween,"CML upbeat bed + UI SFX (clicks, whoosh on reveal); no copyrighted music",renderer template: top-five (posts.json id W04-MON); end card (renderer end-card),Rendered — ready to post (marketing/renders/posts/),Planned — baseline (publish),Length bucket: 9–20s vs 25–45s,Saves + Search traffic share
2026-10-27 (Tue),4,P9 Steam moments,Steam Scream Fest picks (ONLY if Scream Fest dates are confirmed),Scream Fest co-op picks,35s,Screen recording + VO,Store recording; 3 picks; WeBothPlay 'one copy away' angle,Scream Fest is on. Here's how to pick a horror game your whole group will actually play.,3 horror co-op picks,Question ending (no CTA),steam scream fest co-op picks #steam,"steam sale, co-op games on steam",#horrorgames #coopgames #halloween,Off-camera VO (own voice or TikTok TTS) + UI SFX + low CML bed; swap bed before cross-posting,renderer template: hook-overlay (posts.json id W04-TUE); screen recording of webothplay.com/compare?demo=1 at 360×640 CSS px @3×; voiceover (own voice or TikTok TTS); end card (renderer end-card),Blocked: verify event date at partner.steamgames.com/doc/marketing/upcoming_events,Event extra — verify the event date first; publish only if confirmed,Length bucket: 9–20s vs 25–45s,Search traffic share + link clicks
2026-10-28 (Wed),4,P4 Roulette,Spin It: Halloween edition,Spin for tonight's scare,9s,Template render,Reel → R.E.P.O.,Halloween. Horror filter on. Spin.,Tonight's pick: R.E.P.O.,Question ending (no CTA),halloween game night: the wheel picked R.E.P.O. 👻,steam game roulette,#steam #horrorgames #coopgames #halloween,"CML upbeat bed + UI SFX (clicks, whoosh on reveal); no copyrighted music",renderer template: roulette (posts.json id W04-WED); voiceover (own voice or TikTok TTS); end card (renderer end-card),Rendered — ready to post (marketing/renders/posts/),Planned — baseline (publish),Length bucket: 9–20s vs 25–45s,Completion rate (% watched in full)
2026-10-29 (Thu),4,P7 Group chat energy (memes),That one friend who won't play horror (Halloween meme),That one friend on horror night,9s,Template render,Beats,—,I'll just watch,Question ending (no CTA),tag the friend who 'just watches' 👀,horror games with friends,#steam #horrorgames #coopgames #halloween,"CML upbeat bed + UI SFX (clicks, whoosh on reveal); no copyrighted music",renderer template: meme-card (posts.json id W04-THU); end card (renderer end-card),Rendered — ready to post (marketing/renders/posts/),Event extra — verify the event date first; publish only if confirmed,Length bucket: 9–20s vs 25–45s,Shares per 1k views
2026-10-30 (Fri),4,P5 Pile of shame (backlog),Pile of Shame: the horror game nobody's opened,We all bought it on sale. Nobody played it.,9s,Template render,Title + 'Combined hours: 0',We all bought it on sale. Combined hours: zero.,Combined hours: 0,Question ending (no CTA),the horror game your whole group owns and nobody opened (demo data),steam backlog,#steam #horrorgames #coopgames #halloween,"CML upbeat bed + UI SFX (clicks, whoosh on reveal); no copyrighted music",renderer template: nobody-played (posts.json id W04-FRI); voiceover (own voice or TikTok TTS); end card (renderer end-card),Rendered — ready to post (marketing/renders/posts/),Planned — baseline (publish),Length bucket: 9–20s vs 25–45s,Saves
2026-10-31 (Sat),4,Trend slot,HALLOWEEN (Sat Oct 31) — trend slot: costume/scare format adapted to game night,(from the trend),9–20s,Template + screen recording,Adapt a Halloween trend; keep product visible,—,—,Question ending (no CTA),—,games to play with friends,#steam #horrorgames #coopgames #halloween,Trending sound ONLY if it is in the Commercial Music Library; else original audio,end card (renderer end-card),Needs production,Event extra — verify the event date first; publish only if confirmed,Length bucket: 9–20s vs 25–45s,Views at 24h vs. account median
2026-11-01 (Sun),4,P11 Ask the squad,Ask the squad: scariest co-op game you've played together,Scariest game your group has played?,9s,Template render,Lines + end card,What's the scariest game your group has played together?,scariest co-op game?,Question ending (no CTA),drop your group's scariest co-op game 👇,co-op games on steam,#steam #horrorgames #coopgames #halloween,"CML upbeat bed + UI SFX (clicks, whoosh on reveal); no copyrighted music",renderer template: meme-card (posts.json id W04-SUN); voiceover (own voice or TikTok TTS); end card (renderer end-card),Rendered — ready to post (marketing/renders/posts/),Planned — baseline (publish),Length bucket: 9–20s vs 25–45s,Comments (genuine replies)
2026-11-02 (Mon),5,P8 Feature drops,Share card: send your overlap to the group chat,Send this to your group chat,20s,Screen recording + VO,Press Share → preview card → paste in Discord (demo); show the card unfurl,One tap and your group's overlap becomes a card in the chat.,share → card in your chat,Compare your group's Steam libraries free — link in bio,"steam games in common, as a card for your group chat",steam games in common,#discord #steam #coopgames #webothplay,Off-camera VO (own voice or TikTok TTS) + UI SFX + low CML bed; swap bed before cross-posting,renderer template: hook-overlay (posts.json id W05-MON); screen recording of webothplay.com/compare?demo=1 at 360×640 CSS px @3×; voiceover (own voice or TikTok TTS); end card (renderer end-card),Overlay rendered — add your screen recording of the demo,Planned — baseline (publish),Voiceover vs text-only,Profile visits + site visits (utm)
2026-11-03 (Tue),5,P7 Group chat energy (memes),Steam library vs. games actually played,My Steam library vs. what I play,9s,Template render,"412 count-up, then punchline",Four hundred games. The same three.,412 owned · 3 played,Question ending (no CTA),be honest how many games in your library have you never opened,steam backlog,#pcgaming #gamingmemes #steam #webothplay,"CML upbeat bed + UI SFX (clicks, whoosh on reveal); no copyrighted music",renderer template: stat-card (posts.json id W05-TUE); voiceover (own voice or TikTok TTS); end card (renderer end-card),Rendered — ready to post (marketing/renders/posts/),Reserve bank — publish only in a confirmed event week or after the week-4 gate,Voiceover vs text-only,Shares per 1k views
2026-11-04 (Wed),5,P2 Instant demo,Filter like a pro: co-op + controller + nobody's played,3 taps to tonight's game,20s,Screen recording + VO,"Tap chips: Co-op, Controller, Nobody's played → list shrinks → spin","Co-op. Controller. Nobody's played it. Three taps, one game.",Co-op · Controller · Nobody's played,Compare your group's Steam libraries free — link in bio,find co-op games on steam your friends already own,co-op games on steam,#steam #coopgames #gamestoplaywithfriends #webothplay,Off-camera VO (own voice or TikTok TTS) + UI SFX + low CML bed; swap bed before cross-posting,renderer template: hook-overlay (posts.json id W05-WED); screen recording of webothplay.com/compare?demo=1 at 360×640 CSS px @3×; voiceover (own voice or TikTok TTS); end card (renderer end-card),Overlay rendered — add your screen recording of the demo,Planned — baseline (publish),Voiceover vs text-only,Profile visits + bio link clicks
2026-11-05 (Thu),5,P3 Squad stats (demo data),Library sizes in one friend group (bar race),Who has the biggest library?,9s,Template render,"Counts climb, rings merge → 58","Twelve hundred games, and only fifty-eight they all share.","1,204 vs 96 → 58 shared",Question ending (no CTA),"the friend with 1,200 steam games vs the friend with 96 (demo data)",steam games in common,#pcgaming #multiplayergames #steamgames #webothplay,"CML upbeat bed + UI SFX (clicks, whoosh on reveal); no copyrighted music",renderer template: overlap-reveal (posts.json id W05-THU); voiceover (own voice or TikTok TTS); end card (renderer end-card),Rendered — ready to post (marketing/renders/posts/),Reserve bank — publish only in a confirmed event week or after the week-4 gate,Voiceover vs text-only,Shares + saves
2026-11-06 (Fri),5,P6 Already own it (recommendations),Games for 5+ friends (headcount problem),Too many friends for 4-player games?,11s,Template render,List reveal,Most co-op games stop at four. These don't.,5+ friends? try these,Question ending (no CTA),multiplayer games for big friend groups (5+) — save this,"multiplayer games steam, games to play with friends",#steam #coopgames #gamestoplaywithfriends #webothplay,Off-camera VO (own voice or TikTok TTS) + UI SFX + low CML bed; swap bed before cross-posting,renderer template: top-five (posts.json id W05-FRI); voiceover (own voice or TikTok TTS); end card (renderer end-card),Rendered — ready to post (marketing/renders/posts/),Planned — baseline (publish),Voiceover vs text-only,Saves + Search traffic share
2026-11-07 (Sat),5,Trend slot,Trend slot (fallback: reply-to-comment video from week's best comment),(from the trend / comment),9–20s,Reply-to-comment video,Reply to a real comment with a demo,—,—,Question ending (no CTA),—,compare steam libraries,#steam #coopgames #gamestoplaywithfriends #webothplay,Trending sound ONLY if it is in the Commercial Music Library; else original audio,end card (renderer end-card),Fill on the day (≤30 min) — fallback concept noted,Trend slot — fill with a trending format or post the fallback,Voiceover vs text-only,Views at 24h vs. account median
2026-11-08 (Sun),5,P4 Roulette,Spin It: 'loser picks next time' rule,New rule: the wheel decides,9s,Template render,Reel → Overcooked! 2,New rule. Nobody argues with the wheel.,Tonight's pick: Overcooked! 2,Question ending (no CTA),the wheel picked overcooked. pray for our friendship,steam game roulette,#steam #coopgames #gamestoplaywithfriends #webothplay,"CML upbeat bed + UI SFX (clicks, whoosh on reveal); no copyrighted music",renderer template: roulette (posts.json id W05-SUN); voiceover (own voice or TikTok TTS); end card (renderer end-card),Rendered — ready to post (marketing/renders/posts/),Planned — baseline (publish),Voiceover vs text-only,Completion rate (% watched in full)
2026-11-09 (Mon),6,P8 Feature drops,"Discord bot: /compare your friends without leaving Discord (voice-channel compare is Pro, so not shown)",Type /compare @friends in Discord,20s,Screen recording + VO,Record bot in a test server: /compare → embed → 'View full comparison',"Already in Discord? Type slash compare and tag your friends. Shared games, right in the chat.",/compare → shared games,Add the bot — link in bio,discord bot that finds games your whole server owns,"games to play with friends, discord bot",#discord #steam #coopgames #webothplay,Off-camera VO (own voice or TikTok TTS) + UI SFX + low CML bed; swap bed before cross-posting,renderer template: hook-overlay (posts.json id W06-MON); screen recording of webothplay.com/compare?demo=1 at 360×640 CSS px @3×; voiceover (own voice or TikTok TTS); end card (renderer end-card),Overlay rendered — add your screen recording of the demo,Planned — baseline (publish),Voiceover vs text-only,Profile visits + site visits (utm)
2026-11-10 (Tue),6,P7 Group chat energy (memes),Discord at 10pm: 'GG one more?','one more game' at 2am,9s,Template render,Beats,—,one more game,Question ending (no CTA),it's never one more game,games to play with friends,#pcgaming #gamingmemes #steam #webothplay,"CML upbeat bed + UI SFX (clicks, whoosh on reveal); no copyrighted music",renderer template: meme-card (posts.json id W06-TUE); end card (renderer end-card),Rendered — ready to post (marketing/renders/posts/),Reserve bank — publish only in a confirmed event week or after the week-4 gate,Voiceover vs text-only,Shares per 1k views
2026-11-11 (Wed),6,P5 Pile of shame (backlog),Pile of Shame #3: the free game everyone claimed,Everyone claimed it. Nobody played it.,9s,Template render,Combined hours: 0,Everyone grabbed it. Nobody played it.,Combined hours: 0,Question ending (no CTA),your group's backlog is free entertainment 💀 (demo data),steam backlog,#steam #coopgames #gamestoplaywithfriends #webothplay,"CML upbeat bed + UI SFX (clicks, whoosh on reveal); no copyrighted music",renderer template: nobody-played (posts.json id W06-WED); voiceover (own voice or TikTok TTS); end card (renderer end-card),Rendered — ready to post (marketing/renders/posts/),Planned — baseline (publish),Voiceover vs text-only,Saves
2026-11-12 (Thu),6,P2 Instant demo,Sign in & pick friends from your Steam list,Pick friends straight from Steam,15s,Screen recording + VO,Sign in through Steam (blur personal info) → Pick from Steam friends → compare,"Sign in through Steam, tick your friends, compare. No copying links.",sign in → tick friends → compare,Compare your group's Steam libraries free — link in bio,compare steam libraries with your friends list,compare steam libraries,#steam #coopgames #gamestoplaywithfriends #webothplay,Off-camera VO (own voice or TikTok TTS) + UI SFX + low CML bed; swap bed before cross-posting,renderer template: hook-overlay (posts.json id W06-THU); screen recording of webothplay.com/compare?demo=1 at 360×640 CSS px @3×; voiceover (own voice or TikTok TTS); end card (renderer end-card),Overlay rendered — add your screen recording of the demo,Reserve bank — publish only in a confirmed event week or after the week-4 gate,Voiceover vs text-only,Profile visits + bio link clicks
2026-11-13 (Fri),6,P1 Pain point,The 20-minute debate (time-lapse),We spent 23 minutes deciding,9s,Template render,Count-up 23 min,Twenty-three minutes deciding. Fifteen playing.,23 min deciding · 15 playing,Compare your group's Steam libraries free — link in bio,the hardest multiplayer game is deciding what to launch,what game should we play,#steam #coopgames #gamestoplaywithfriends #webothplay,Off-camera VO (own voice or TikTok TTS) + UI SFX + low CML bed; swap bed before cross-posting,renderer template: stat-card (posts.json id W06-FRI); voiceover (own voice or TikTok TTS); end card (renderer end-card),Rendered — ready to post (marketing/renders/posts/),Planned — baseline (publish),Voiceover vs text-only,Shares per 1k views + comments
2026-11-14 (Sat),6,Trend slot,Trend slot (fallback: 'Carry Report' stat card),(from the trend),9–20s,Template render,Adapt or fallback,—,—,Question ending (no CTA),—,multiplayer games steam,#pcgaming #multiplayergames #steamgames #webothplay,Trending sound ONLY if it is in the Commercial Music Library; else original audio,end card (renderer end-card),Fill on the day (≤30 min) — fallback concept noted,Trend slot — fill with a trending format or post the fallback,Voiceover vs text-only,Views at 24h vs. account median
2026-11-15 (Sun),6,P11 Ask the squad,Ask the squad: biggest library in your group?,How many Steam games do you own?,9s,Template render,Lines,How many games are in your Steam library?,how many steam games do you own?,Question ending (no CTA),how many games are in your steam library? be honest 👇,steam games,#pcgaming #multiplayergames #steamgames #webothplay,"CML upbeat bed + UI SFX (clicks, whoosh on reveal); no copyrighted music",renderer template: meme-card (posts.json id W06-SUN); voiceover (own voice or TikTok TTS); end card (renderer end-card),Rendered — ready to post (marketing/renders/posts/),Planned — baseline (publish),Voiceover vs text-only,Comments (genuine replies)
2026-11-16 (Mon),7,P6 Already own it (recommendations),Short-session co-op (under an hour),Only have an hour? Play these,carousel (7 slides),Photo Mode carousel,Cover + 5 + end,—,1 hour? these.,Question ending (no CTA),co-op games for a quick session with friends — save this,co-op games on steam,#steam #coopgames #gamestoplaywithfriends #webothplay,"CML upbeat bed + UI SFX (clicks, whoosh on reveal); no copyrighted music",renderer template: top-five (posts.json id W07-MON); end card (renderer end-card),Rendered — ready to post (marketing/renders/posts/),Planned — baseline (publish),Explicit CTA vs question ending,Saves + Search traffic share
2026-11-17 (Tue),7,P10 Build in public,Build in public: why the free tier now covers 8 players,Why we made it free for 8,35s,Screen recording + VO,Talk over the pricing page; honest reasoning (Steam's own feature does 8),"Steam already compares up to eight people for free, so we made ours free for eight too — with way more on top.",free for up to 8,Compare your group's Steam libraries free — link in bio,building a tool for game night: why we made it free for 8,compare steam libraries,#pcgaming #multiplayergames #steamgames #webothplay,No music: VO + SFX only (keeps it platform-portable),renderer template: hook-overlay (posts.json id W07-TUE); screen recording of webothplay.com/compare?demo=1 at 360×640 CSS px @3×; voiceover (own voice or TikTok TTS); end card (renderer end-card),Overlay rendered — add your screen recording of the demo,Reserve bank — publish only in a confirmed event week or after the week-4 gate,Explicit CTA vs question ending,Follows per 1k views
2026-11-18 (Wed),7,P3 Squad stats (demo data),The overlap with a 3-person group,"3 friends, 900 games, 31 shared",9s,Template render,Rings → 31,Three friends. Nine hundred games. Thirty-one they all own.,31 shared,Question ending (no CTA),what's your trio's overlap? (demo data),steam games in common,#steam #coopgames #gamestoplaywithfriends #webothplay,Off-camera VO (own voice or TikTok TTS) + UI SFX + low CML bed; swap bed before cross-posting,renderer template: overlap-reveal (posts.json id W07-WED); voiceover (own voice or TikTok TTS); end card (renderer end-card),Rendered — ready to post (marketing/renders/posts/),Planned — baseline (publish),Explicit CTA vs question ending,Shares + saves
2026-11-19 (Thu),7,P7 Group chat energy (memes),The friend who owns everything except the one game,Owns 800 games. Not this one.,9s,Template render,Beats,—,I'll get it on sale,Question ending (no CTA),tag the friend who owns everything except the game you want,games to play with friends,#pcgaming #gamingmemes #steam #webothplay,"CML upbeat bed + UI SFX (clicks, whoosh on reveal); no copyrighted music",renderer template: meme-card (posts.json id W07-THU); end card (renderer end-card),Rendered — ready to post (marketing/renders/posts/),Reserve bank — publish only in a confirmed event week or after the week-4 gate,Explicit CTA vs question ending,Shares per 1k views
2026-11-20 (Fri),7,P2 Instant demo,Full walkthrough: 0 → game launched in 30 seconds,From 'what do we play' to launched in 30s,35s,Screen recording + VO,Timer overlay; paste → filter → spin → 'Launch in Steam',"Thirty seconds. Paste, filter, spin, launch.",00:30,Compare your group's Steam libraries free — link in bio,how to pick a game with friends in 30 seconds,"what game should we play, compare steam libraries",#steam #coopgames #gamestoplaywithfriends #webothplay,Off-camera VO (own voice or TikTok TTS) + UI SFX + low CML bed; swap bed before cross-posting,renderer template: hook-overlay (posts.json id W07-FRI); screen recording of webothplay.com/compare?demo=1 at 360×640 CSS px @3×; voiceover (own voice or TikTok TTS); end card (renderer end-card),Overlay rendered — add your screen recording of the demo,Planned — baseline (publish),Explicit CTA vs question ending,Profile visits + bio link clicks
2026-11-21 (Sat),7,Trend slot,Trend slot (fallback: Ask the squad),(from the trend),9–20s,Template render,Adapt or fallback,—,—,Question ending (no CTA),—,games to play with friends,#steam #coopgames #gamestoplaywithfriends #webothplay,Trending sound ONLY if it is in the Commercial Music Library; else original audio,end card (renderer end-card),Fill on the day (≤30 min) — fallback concept noted,Trend slot — fill with a trending format or post the fallback,Explicit CTA vs question ending,Views at 24h vs. account median
2026-11-22 (Sun),7,P4 Roulette,Spin It: survivors-only (after vetoes),3 vetoes later… spin the survivors,9s,Template render,Short reel of 4 survivors → Valheim,Everyone used their veto. Spin what's left.,Tonight's pick: Valheim,Question ending (no CTA),"group vote with vetoes, then the wheel decides",steam game roulette,#steam #coopgames #gamestoplaywithfriends #webothplay,"CML upbeat bed + UI SFX (clicks, whoosh on reveal); no copyrighted music",renderer template: roulette (posts.json id W07-SUN); voiceover (own voice or TikTok TTS); end card (renderer end-card),Rendered — ready to post (marketing/renders/posts/),Planned — baseline (publish),Explicit CTA vs question ending,Completion rate (% watched in full)
2026-11-23 (Mon),8,P9 Steam moments,Before the sale: check what's 'one copy away',Before you buy anything on sale,20s,Screen recording + VO,One copy away tab → price + discount from store data,Before the sales: check which games your group is one copy away from. That's the best buy.,one copy away = best buy,Compare your group's Steam libraries free — link in bio,steam sale tip: buy the game that unlocks the most game nights,"steam sale, games to play with friends",#steamsale #pcgaming #coopgames #webothplay,Off-camera VO (own voice or TikTok TTS) + UI SFX + low CML bed; swap bed before cross-posting,renderer template: hook-overlay (posts.json id W08-MON); screen recording of webothplay.com/compare?demo=1 at 360×640 CSS px @3×; voiceover (own voice or TikTok TTS); end card (renderer end-card),Overlay rendered — add your screen recording of the demo,Planned — baseline (publish),Explicit CTA vs question ending,Search traffic share + link clicks
2026-11-24 (Tue),8,P9 Steam moments,Steam Autumn Sale: group buys under $10 (ONLY once sale dates/prices are verified),Group picks under $10,35s,Screen recording + VO,Store recording with live prices; never quote prices without checking that day,Five co-op games under ten dollars this sale. Check which your friends already own.,co-op under $10,Question ending (no CTA),steam autumn sale co-op picks under $10 #steamsale,"steam sale, co-op games on steam",#pcgaming #coopgames #webothplay,Off-camera VO (own voice or TikTok TTS) + UI SFX + low CML bed; swap bed before cross-posting,renderer template: hook-overlay (posts.json id W08-TUE); screen recording of webothplay.com/compare?demo=1 at 360×640 CSS px @3×; voiceover (own voice or TikTok TTS); end card (renderer end-card),Blocked: verify event date at partner.steamgames.com/doc/marketing/upcoming_events,Event extra — verify the event date first; publish only if confirmed,Explicit CTA vs question ending,Search traffic share + link clicks
2026-11-25 (Wed),8,P6 Already own it (recommendations),Thanksgiving: couch co-op for family,Home for the holidays? Couch co-op,carousel (7 slides),Photo Mode carousel,Cover + 5 + end,—,couch co-op picks,Question ending (no CTA),couch co-op games for thanksgiving with family — save this 🦃,"co-op games on steam, games to play with friends",#steam #coopgames #gamestoplaywithfriends #webothplay,"CML upbeat bed + UI SFX (clicks, whoosh on reveal); no copyrighted music",renderer template: top-five (posts.json id W08-WED); end card (renderer end-card),Rendered — ready to post (marketing/renders/posts/),Planned — baseline (publish),Explicit CTA vs question ending,Saves + Search traffic share
2026-11-26 (Thu),8,P7 Group chat energy (memes),THANKSGIVING (Thu Nov 26): 'what are you thankful for' → shared library,Thankful for 39 games in common,9s,Template render,Beats,—,thankful for 39 games in common,Question ending (no CTA),happy thanksgiving to everyone with a group chat 🦃,games to play with friends,#steam #coopgames #gamestoplaywithfriends #webothplay,"CML upbeat bed + UI SFX (clicks, whoosh on reveal); no copyrighted music",renderer template: meme-card (posts.json id W08-THU); end card (renderer end-card),Rendered — ready to post (marketing/renders/posts/),Event extra — verify the event date first; publish only if confirmed,Explicit CTA vs question ending,Shares per 1k views
2026-11-27 (Fri),8,P3 Squad stats (demo data),BLACK FRIDAY (Fri Nov 27): buy the games your group is one copy away from,"13 games, one copy away",9s,Template render,Count-up 13,Black Friday tip: buy the game your friends already own.,one copy away: 13,Compare your group's Steam libraries free — link in bio,black friday gaming tip: buy what your friends already own (demo data),"steam sale, steam games in common",#steamsale #pcgaming #coopgames #webothplay,Off-camera VO (own voice or TikTok TTS) + UI SFX + low CML bed; swap bed before cross-posting,renderer template: stat-card (posts.json id W08-FRI); voiceover (own voice or TikTok TTS); end card (renderer end-card),Rendered — ready to post (marketing/renders/posts/),Planned — baseline (publish),Explicit CTA vs question ending,Shares + saves
2026-11-28 (Sat),8,Trend slot,Black Friday weekend trend slot (deals energy; no price claims without checking),(from the trend),9–20s,Template + screen recording,Adapt a shopping trend to 'buy what your friends own',—,—,Question ending (no CTA),—,steam sale,#steamsale #pcgaming #coopgames #webothplay,Trending sound ONLY if it is in the Commercial Music Library; else original audio,end card (renderer end-card),Needs production,Event extra — verify the event date first; publish only if confirmed,Explicit CTA vs question ending,Views at 24h vs. account median
2026-11-29 (Sun),8,P5 Pile of shame (backlog),Pile of Shame: what you bought last sale,Last sale's haul: still unplayed,9s,Template render,Combined hours: 0,Before you buy more... this is still unplayed.,Combined hours: 0,Question ending (no CTA),check your shared backlog before the steam sale (demo data),"steam backlog, steam sale",#steamsale #pcgaming #coopgames #webothplay,"CML upbeat bed + UI SFX (clicks, whoosh on reveal); no copyrighted music",renderer template: nobody-played (posts.json id W08-SUN); voiceover (own voice or TikTok TTS); end card (renderer end-card),Rendered — ready to post (marketing/renders/posts/),Planned — baseline (publish),Explicit CTA vs question ending,Saves
2026-11-30 (Mon),9,P8 Feature drops,Wishlist overlap: the game your whole group wants,The game ALL of you wishlisted,20s,Screen recording + VO,Wishlists tab: Split Fiction on every wishlist (demo),It's on everyone's wishlist. Buy it together when it drops.,on every wishlist,Compare your group's Steam libraries free — link in bio,cyber monday: find the game your whole group wishlisted,steam games in common,#steamsale #pcgaming #coopgames #webothplay,Off-camera VO (own voice or TikTok TTS) + UI SFX + low CML bed; swap bed before cross-posting,renderer template: hook-overlay (posts.json id W09-MON); screen recording of webothplay.com/compare?demo=1 at 360×640 CSS px @3×; voiceover (own voice or TikTok TTS); end card (renderer end-card),Overlay rendered — add your screen recording of the demo,Planned — baseline (publish),Posting slot (12:00 / 17:00 / 20:00 local),Profile visits + site visits (utm)
2026-12-01 (Tue),9,P7 Group chat energy (memes),"Wishlist 400 games, buy 0",My wishlist vs. my wallet,9s,Template render,214 count-up,Two hundred fourteen wishlisted. Zero bought.,214 wishlisted · 0 bought,Question ending (no CTA),how big is your wishlist,steam sale,#pcgaming #gamingmemes #steam #webothplay,"CML upbeat bed + UI SFX (clicks, whoosh on reveal); no copyrighted music",renderer template: stat-card (posts.json id W09-TUE); voiceover (own voice or TikTok TTS); end card (renderer end-card),Rendered — ready to post (marketing/renders/posts/),Reserve bank — publish only in a confirmed event week or after the week-4 gate,Posting slot (12:00 / 17:00 / 20:00 local),Shares per 1k views
2026-12-02 (Wed),9,P2 Instant demo,Gift ideas: what your friend wants that you can vouch for,Steal this gift idea trick,20s,Screen recording + VO,Wishlists tab → Gift ideas: 'Kit wants it · Nova owns it' → Gift on Steam,Your friend wants it. You already own it and love it. That's the gift.,they want it · you own it,Compare your group's Steam libraries free — link in bio,gift ideas for gamer friends (that they actually want),steam games,#steam #coopgames #gamestoplaywithfriends #webothplay,Off-camera VO (own voice or TikTok TTS) + UI SFX + low CML bed; swap bed before cross-posting,renderer template: hook-overlay (posts.json id W09-WED); screen recording of webothplay.com/compare?demo=1 at 360×640 CSS px @3×; voiceover (own voice or TikTok TTS); end card (renderer end-card),Overlay rendered — add your screen recording of the demo,Planned — baseline (publish),Posting slot (12:00 / 17:00 / 20:00 local),Profile visits + bio link clicks
2026-12-03 (Thu),9,P6 Already own it (recommendations),Free-to-play fallbacks everyone can install,Nothing in common? Free games,carousel (7 slides),Photo Mode carousel,Cover + 5 + end,—,free fallbacks,Question ending (no CTA),free games to play with friends on steam — save this,"games to play with friends, multiplayer games steam",#steam #coopgames #gamestoplaywithfriends #webothplay,"CML upbeat bed + UI SFX (clicks, whoosh on reveal); no copyrighted music",renderer template: top-five (posts.json id W09-THU); end card (renderer end-card),Rendered — ready to post (marketing/renders/posts/),Reserve bank — publish only in a confirmed event week or after the week-4 gate,Posting slot (12:00 / 17:00 / 20:00 local),Saves + Search traffic share
2026-12-04 (Fri),9,P1 Pain point,When one friend has a private profile,'Why can't I see your games?',9s,Template render,Beats → end card,—,game details private 🔒,Compare your group's Steam libraries free — link in bio,steam game details private? one setting fixes it (guide in bio),steam game details private,#pcgaming #multiplayergames #steamgames #webothplay,"CML upbeat bed + UI SFX (clicks, whoosh on reveal); no copyrighted music",renderer template: meme-card (posts.json id W09-FRI); end card (renderer end-card),Rendered — ready to post (marketing/renders/posts/),Planned — baseline (publish),Posting slot (12:00 / 17:00 / 20:00 local),Shares per 1k views + comments
2026-12-05 (Sat),9,Trend slot,Trend slot (fallback: Spin It),(from the trend),9–20s,Template render,Adapt or fallback,—,—,Question ending (no CTA),—,steam game roulette,#steam #coopgames #gamestoplaywithfriends #webothplay,Trending sound ONLY if it is in the Commercial Music Library; else original audio,end card (renderer end-card),Fill on the day (≤30 min) — fallback concept noted,Trend slot — fill with a trending format or post the fallback,Posting slot (12:00 / 17:00 / 20:00 local),Views at 24h vs. account median
2026-12-06 (Sun),9,P3 Squad stats (demo data),Most played together vs. most owned,"Most played together: 1,685 hours",9s,Template render,"Count-up 1,685h",Nearly seventeen hundred hours together. Juno: forty-two minutes.,"1,685h · Juno: 42 min",Question ending (no CTA),the game your group has sunk the most hours into (demo data),multiplayer games steam,#pcgaming #multiplayergames #steamgames #webothplay,"CML upbeat bed + UI SFX (clicks, whoosh on reveal); no copyrighted music",renderer template: stat-card (posts.json id W09-SUN); voiceover (own voice or TikTok TTS); end card (renderer end-card),Rendered — ready to post (marketing/renders/posts/),Planned — baseline (publish),Posting slot (12:00 / 17:00 / 20:00 local),Shares + saves
2026-12-07 (Mon),10,P6 Already own it (recommendations),Underrated co-op your group owns from bundles,Bundles gave you these co-op gems,11s,Template render,List reveal,Check your library. You probably own these already.,co-op gems from bundles,Question ending (no CTA),co-op games on steam you forgot you owned — check your library,co-op games on steam,#steam #coopgames #gamestoplaywithfriends #webothplay,Off-camera VO (own voice or TikTok TTS) + UI SFX + low CML bed; swap bed before cross-posting,renderer template: top-five (posts.json id W10-MON); voiceover (own voice or TikTok TTS); end card (renderer end-card),Rendered — ready to post (marketing/renders/posts/),Planned — baseline (publish),Posting slot (12:00 / 17:00 / 20:00 local),Saves + Search traffic share
2026-12-08 (Tue),10,P9 Steam moments,The Game Awards: co-op nominees your group can play (ONLY once date + nominees are confirmed),Game Awards co-op picks,35s,Screen recording + VO,Text-led; no broadcast footage; list confirmed nominees only,"The Game Awards are this week. Here are the co-op nominees, and how to check who in your group owns them.",co-op nominees,Question ending (no CTA),game awards co-op nominees to play with friends,co-op games on steam,#pcgaming #multiplayergames #steamgames #webothplay,Off-camera VO (own voice or TikTok TTS) + UI SFX + low CML bed; swap bed before cross-posting,renderer template: hook-overlay (posts.json id W10-TUE); screen recording of webothplay.com/compare?demo=1 at 360×640 CSS px @3×; voiceover (own voice or TikTok TTS); end card (renderer end-card),Blocked: verify event date at partner.steamgames.com/doc/marketing/upcoming_events,Event extra — verify the event date first; publish only if confirmed,Posting slot (12:00 / 17:00 / 20:00 local),Search traffic share + link clicks
2026-12-09 (Wed),10,P4 Roulette,Spin It: the 'cozy' filter,Cozy night. Spin.,9s,Template render,Reel → Stardew Valley,Cozy filter. Spin. Farm.,Tonight's pick: Stardew Valley,Question ending (no CTA),"cozy co-op game night, decided by the wheel",steam game roulette,#steam #coopgames #gamestoplaywithfriends #webothplay,"CML upbeat bed + UI SFX (clicks, whoosh on reveal); no copyrighted music",renderer template: roulette (posts.json id W10-WED); voiceover (own voice or TikTok TTS); end card (renderer end-card),Rendered — ready to post (marketing/renders/posts/),Planned — baseline (publish),Posting slot (12:00 / 17:00 / 20:00 local),Completion rate (% watched in full)
2026-12-10 (Thu),10,P7 Group chat energy (memes),Patch notes day: 'one more game' energy,When the group finally agrees,9s,Template render,Beats,—,votes in 30 seconds,Question ending (no CTA),the vote link era,what game should we play,#pcgaming #gamingmemes #steam #webothplay,"CML upbeat bed + UI SFX (clicks, whoosh on reveal); no copyrighted music",renderer template: meme-card (posts.json id W10-THU); end card (renderer end-card),Rendered — ready to post (marketing/renders/posts/),Reserve bank — publish only in a confirmed event week or after the week-4 gate,Posting slot (12:00 / 17:00 / 20:00 local),Shares per 1k views
2026-12-11 (Fri),10,P2 Instant demo,"Big group demo: 8 friends, one comparison",8 friends. 1 comparison.,20s,Screen recording + VO,"Paste 8 profile links at once (multi-paste), results",Paste eight profiles at once. Free.,8 friends · free,Compare your group's Steam libraries free — link in bio,compare steam libraries for big friend groups (up to 8 free),compare steam libraries,#steam #coopgames #gamestoplaywithfriends #webothplay,Off-camera VO (own voice or TikTok TTS) + UI SFX + low CML bed; swap bed before cross-posting,renderer template: hook-overlay (posts.json id W10-FRI); screen recording of webothplay.com/compare?demo=1 at 360×640 CSS px @3×; voiceover (own voice or TikTok TTS); end card (renderer end-card),Overlay rendered — add your screen recording of the demo,Planned — baseline (publish),Posting slot (12:00 / 17:00 / 20:00 local),Profile visits + bio link clicks
2026-12-12 (Sat),10,Trend slot,Trend slot (fallback: Ask the squad),(from the trend),9–20s,Template render,Adapt or fallback,—,—,Question ending (no CTA),—,games to play with friends,#steam #coopgames #gamestoplaywithfriends #webothplay,Trending sound ONLY if it is in the Commercial Music Library; else original audio,end card (renderer end-card),Fill on the day (≤30 min) — fallback concept noted,Trend slot — fill with a trending format or post the fallback,Posting slot (12:00 / 17:00 / 20:00 local),Views at 24h vs. account median
2026-12-13 (Sun),10,P11 Ask the squad,Ask the squad: game you'd force your friends to play,One game you'd force on your friends,9s,Template render,Lines,You can make your friends play one game. What is it?,"one game, no complaints",Question ending (no CTA),what game would you force your friend group to play? 👇,games to play with friends,#steam #coopgames #gamestoplaywithfriends #webothplay,"CML upbeat bed + UI SFX (clicks, whoosh on reveal); no copyrighted music",renderer template: meme-card (posts.json id W10-SUN); voiceover (own voice or TikTok TTS); end card (renderer end-card),Rendered — ready to post (marketing/renders/posts/),Planned — baseline (publish),Posting slot (12:00 / 17:00 / 20:00 local),Comments (genuine replies)
2026-12-14 (Mon),11,P9 Steam moments,"Winter Sale plan: shared wishlist first, then one-copy-away",Your Winter Sale game plan,20s,Screen recording + VO,Wishlists tab → one copy away tab,"Winter Sale plan: buy what everyone wishlisted, then the game one friend is missing.",1. shared wishlist 2. one copy away,Compare your group's Steam libraries free — link in bio,steam winter sale plan for your friend group,"steam sale, steam games in common",#steamsale #pcgaming #coopgames #webothplay,Off-camera VO (own voice or TikTok TTS) + UI SFX + low CML bed; swap bed before cross-posting,renderer template: hook-overlay (posts.json id W11-MON); screen recording of webothplay.com/compare?demo=1 at 360×640 CSS px @3×; voiceover (own voice or TikTok TTS); end card (renderer end-card),Overlay rendered — add your screen recording of the demo,Planned — baseline (publish),Photo Mode carousel vs video,Search traffic share + link clicks
2026-12-15 (Tue),11,P9 Steam moments,Steam Winter Sale day 1 (ONLY once dates are verified): group buys,Winter Sale: group buys,35s,Screen recording + VO,"Store recording, verified prices only",The Winter Sale is live. Here's what's worth buying as a group.,group buys,Question ending (no CTA),steam winter sale co-op picks for friends #steamwintersale,"steam sale, co-op games on steam",#steamsale #coopgames #pcgaming,Off-camera VO (own voice or TikTok TTS) + UI SFX + low CML bed; swap bed before cross-posting,renderer template: hook-overlay (posts.json id W11-TUE); screen recording of webothplay.com/compare?demo=1 at 360×640 CSS px @3×; voiceover (own voice or TikTok TTS); end card (renderer end-card),Blocked: verify event date at partner.steamgames.com/doc/marketing/upcoming_events,Event extra — verify the event date first; publish only if confirmed,Photo Mode carousel vs video,Search traffic share + link clicks
2026-12-16 (Wed),11,P5 Pile of shame (backlog),Pile of Shame: holiday backlog challenge,Backlog challenge: holiday edition,9s,Template render,Count-up 13,Thirteen games we all own and never played. One a night until New Year.,13 unplayed,Compare your group's Steam libraries free — link in bio,steam backlog challenge for your friend group (demo data),steam backlog,#steam #coopgames #gamestoplaywithfriends #webothplay,Off-camera VO (own voice or TikTok TTS) + UI SFX + low CML bed; swap bed before cross-posting,renderer template: stat-card (posts.json id W11-WED); voiceover (own voice or TikTok TTS); end card (renderer end-card),Rendered — ready to post (marketing/renders/posts/),Planned — baseline (publish),Photo Mode carousel vs video,Saves
2026-12-17 (Thu),11,P7 Group chat energy (memes),Winter Sale meme: 'I have no money' → buys 6 games,'I'm not buying anything this sale',9s,Template render,Beats,—,not buying anything,Question ending (no CTA),every steam sale ever,steam sale,#steamsale #pcgaming #coopgames #webothplay,"CML upbeat bed + UI SFX (clicks, whoosh on reveal); no copyrighted music",renderer template: meme-card (posts.json id W11-THU); end card (renderer end-card),Rendered — ready to post (marketing/renders/posts/),Event extra — verify the event date first; publish only if confirmed,Photo Mode carousel vs video,Shares per 1k views
2026-12-18 (Fri),11,P8 Feature drops,Saved groups: one tap to compare your squad again,"Your squad, one tap away",15s,Screen recording + VO,Save group → home page saved chip → instant compare,Save your group once. Next time it's one tap.,save group → one tap,Compare your group's Steam libraries free — link in bio,save your friend group and compare again in one tap,compare steam libraries,#steam #coopgames #gamestoplaywithfriends #webothplay,Off-camera VO (own voice or TikTok TTS) + UI SFX + low CML bed; swap bed before cross-posting,renderer template: hook-overlay (posts.json id W11-FRI); screen recording of webothplay.com/compare?demo=1 at 360×640 CSS px @3×; voiceover (own voice or TikTok TTS); end card (renderer end-card),Overlay rendered — add your screen recording of the demo,Planned — baseline (publish),Photo Mode carousel vs video,Profile visits + site visits (utm)
2026-12-19 (Sat),11,Trend slot,Winter Sale weekend trend slot,(from the trend),9–20s,Template + screen recording,Adapt; no unverified prices,—,—,Question ending (no CTA),—,steam sale,#steamsale #pcgaming #coopgames #webothplay,Trending sound ONLY if it is in the Commercial Music Library; else original audio,end card (renderer end-card),Needs production,Event extra — verify the event date first; publish only if confirmed,Photo Mode carousel vs video,Views at 24h vs. account median
2026-12-20 (Sun),11,P6 Already own it (recommendations),"Gift-friendly co-op: buy one, play together",Gift this and you both win,carousel (7 slides),Photo Mode carousel,Cover + 5 + end,—,co-op gifts,Question ending (no CTA),co-op game gifts for friends this holiday — save this 🎁,"co-op games on steam, games to play with friends",#steam #coopgames #gamestoplaywithfriends #webothplay,"CML upbeat bed + UI SFX (clicks, whoosh on reveal); no copyrighted music",renderer template: top-five (posts.json id W11-SUN); end card (renderer end-card),Rendered — ready to post (marketing/renders/posts/),Planned — baseline (publish),Photo Mode carousel vs video,Saves + Search traffic share
2026-12-21 (Mon),12,P3 Squad stats (demo data),Holiday overlap: cousins edition,Cousins compared Steam libraries,9s,Template render,Rings → 14,Five cousins. Five hundred games. Fourteen in common.,5 cousins → 14 shared,Question ending (no CTA),holiday game night with the cousins: what do we all own? (demo data),"games to play with friends, steam games in common",#steam #coopgames #gamestoplaywithfriends #webothplay,Off-camera VO (own voice or TikTok TTS) + UI SFX + low CML bed; swap bed before cross-posting,renderer template: overlap-reveal (posts.json id W12-MON); voiceover (own voice or TikTok TTS); end card (renderer end-card),Rendered — ready to post (marketing/renders/posts/),Planned — baseline (publish),Photo Mode carousel vs video,Shares + saves
2026-12-22 (Tue),12,P7 Group chat energy (memes),"Christmas morning: new games, same group chat argument",New games for Christmas. Same argument.,9s,Template render,Beats,—,the same 3 games,Question ending (no CTA),"new games, same group chat argument 🎄",what game should we play,#pcgaming #gamingmemes #steam #webothplay,"CML upbeat bed + UI SFX (clicks, whoosh on reveal); no copyrighted music",renderer template: meme-card (posts.json id W12-TUE); end card (renderer end-card),Rendered — ready to post (marketing/renders/posts/),Reserve bank — publish only in a confirmed event week or after the week-4 gate,Photo Mode carousel vs video,Shares per 1k views
2026-12-23 (Wed),12,P4 Roulette,Spin It: holiday couch session,Family's here. Spin for couch co-op.,9s,Template render,Reel → Golf With Your Friends,Couch co-op filter. Spin. Fore.,Tonight's pick: Golf With Your Friends,Question ending (no CTA),"holiday couch co-op, decided by the wheel ⛳",steam game roulette,#steam #coopgames #gamestoplaywithfriends #webothplay,"CML upbeat bed + UI SFX (clicks, whoosh on reveal); no copyrighted music",renderer template: roulette (posts.json id W12-WED); voiceover (own voice or TikTok TTS); end card (renderer end-card),Rendered — ready to post (marketing/renders/posts/),Planned — baseline (publish),Photo Mode carousel vs video,Completion rate (% watched in full)
2026-12-24 (Thu),12,P2 Instant demo,Phone demo: compare from the couch,Do it from your phone,15s,Screen recording + VO,Record mobile viewport: paste → results → vote,"Works on your phone. Compare, vote, done.",phone → compare → vote,Compare your group's Steam libraries free — link in bio,compare steam libraries from your phone,compare steam libraries,#steam #coopgames #gamestoplaywithfriends #webothplay,Off-camera VO (own voice or TikTok TTS) + UI SFX + low CML bed; swap bed before cross-posting,renderer template: hook-overlay (posts.json id W12-THU); screen recording of webothplay.com/compare?demo=1 at 360×640 CSS px @3×; voiceover (own voice or TikTok TTS); end card (renderer end-card),Overlay rendered — add your screen recording of the demo,Reserve bank — publish only in a confirmed event week or after the week-4 gate,Photo Mode carousel vs video,Profile visits + bio link clicks
2026-12-25 (Fri),12,P1 Pain point,CHRISTMAS (Fri Dec 25): 'we have nothing to play' (we have 39),'We have nothing to play',9s,Template render,Rings → 39,Nothing to play? You have thirty-nine.,you have 39,Question ending (no CTA),merry christmas to every group that says 'we have nothing to play' 🎄 (demo data),games to play with friends,#steam #coopgames #gamestoplaywithfriends #webothplay,Off-camera VO (own voice or TikTok TTS) + UI SFX + low CML bed; swap bed before cross-posting,renderer template: overlap-reveal (posts.json id W12-FRI); voiceover (own voice or TikTok TTS); end card (renderer end-card),Rendered — ready to post (marketing/renders/posts/),Planned — baseline (publish),Photo Mode carousel vs video,Shares per 1k views + comments
2026-12-26 (Sat),12,Trend slot,Holiday trend slot,(from the trend),9–20s,Template render,Adapt or fallback,—,—,Question ending (no CTA),—,games to play with friends,#steam #coopgames #gamestoplaywithfriends #webothplay,Trending sound ONLY if it is in the Commercial Music Library; else original audio,end card (renderer end-card),Fill on the day (≤30 min) — fallback concept noted,Trend slot — fill with a trending format or post the fallback,Photo Mode carousel vs video,Views at 24h vs. account median
2026-12-27 (Sun),12,P11 Ask the squad,Ask the squad: best game you played together this year,Best game you played together in 2026?,9s,Template render,Lines,Best game your group played together this year?,best co-op game of 2026?,Question ending (no CTA),best game your group played together in 2026? 👇,co-op games on steam,#steam #coopgames #gamestoplaywithfriends #webothplay,"CML upbeat bed + UI SFX (clicks, whoosh on reveal); no copyrighted music",renderer template: meme-card (posts.json id W12-SUN); voiceover (own voice or TikTok TTS); end card (renderer end-card),Rendered — ready to post (marketing/renders/posts/),Planned — baseline (publish),Photo Mode carousel vs video,Comments (genuine replies)
2026-12-28 (Mon),13,P3 Squad stats (demo data),Year in shared games (recap card),Our group's year in shared games,9s,Template render,Recap stat,Thirty-nine games in common. One we never launched.,39 shared · 1 forgotten,Compare your group's Steam libraries free — link in bio,your friend group's year in shared steam games (demo data),steam games in common,#steam #coopgames #gamestoplaywithfriends #webothplay,Off-camera VO (own voice or TikTok TTS) + UI SFX + low CML bed; swap bed before cross-posting,renderer template: stat-card (posts.json id W13-MON); voiceover (own voice or TikTok TTS); end card (renderer end-card),Rendered — ready to post (marketing/renders/posts/),Planned — baseline (publish),Series title on screen vs none,Shares + saves
2026-12-29 (Tue),13,P10 Build in public,Build in public: what we learned from 3 months of game nights,What 3 months of game nights taught us,35s,Screen recording + VO,Honest learnings from /admin (aggregate only; no user data),"Three months in: the vote link beat the roulette, and private profiles were the biggest blocker.",what we learned,Question ending (no CTA),building a game-night tool: what we learned,games to play with friends,#pcgaming #multiplayergames #steamgames #webothplay,No music: VO + SFX only (keeps it platform-portable),renderer template: hook-overlay (posts.json id W13-TUE); screen recording of webothplay.com/compare?demo=1 at 360×640 CSS px @3×; voiceover (own voice or TikTok TTS); end card (renderer end-card),Overlay rendered — add your screen recording of the demo,Reserve bank — publish only in a confirmed event week or after the week-4 gate,Series title on screen vs none,Follows per 1k views
2026-12-30 (Wed),13,P5 Pile of shame (backlog),New Year's resolution: clear the shared backlog,2027 resolution: play what we own,9s,Template render,Combined hours: 0,New year. Same backlog. Combined hours: zero.,Combined hours: 0,Question ending (no CTA),new year's resolution: play the steam backlog your group already owns (demo data),steam backlog,#steam #coopgames #gamestoplaywithfriends #webothplay,"CML upbeat bed + UI SFX (clicks, whoosh on reveal); no copyrighted music",renderer template: nobody-played (posts.json id W13-WED); voiceover (own voice or TikTok TTS); end card (renderer end-card),Rendered — ready to post (marketing/renders/posts/),Planned — baseline (publish),Series title on screen vs none,Saves
2026-12-31 (Thu),13,P7 Group chat energy (memes),NYE: 'one more game' into the new year,11:58 PM: 'one more game',9s,Template render,Beats,—,one more game,Question ending (no CTA),how my group is spending new year's eve 🎆,games to play with friends,#pcgaming #gamingmemes #steam #webothplay,"CML upbeat bed + UI SFX (clicks, whoosh on reveal); no copyrighted music",renderer template: meme-card (posts.json id W13-THU); end card (renderer end-card),Rendered — ready to post (marketing/renders/posts/),Reserve bank — publish only in a confirmed event week or after the week-4 gate,Series title on screen vs none,Shares per 1k views
2027-01-01 (Fri),13,P2 Instant demo,NEW YEAR (Fri Jan 1): start 2027 by finding your overlap,First game night of 2027?,20s,Screen recording + VO,Full flow quick cut: paste → results → spin → launch,"First game night of the year. Paste, spin, launch.",paste → spin → launch,Compare your group's Steam libraries free — link in bio,first game night of 2027 — compare steam libraries free,"compare steam libraries, games to play with friends",#steam #coopgames #gamestoplaywithfriends #webothplay,Off-camera VO (own voice or TikTok TTS) + UI SFX + low CML bed; swap bed before cross-posting,renderer template: hook-overlay (posts.json id W13-FRI); screen recording of webothplay.com/compare?demo=1 at 360×640 CSS px @3×; voiceover (own voice or TikTok TTS); end card (renderer end-card),Overlay rendered — add your screen recording of the demo,Planned — baseline (publish),Series title on screen vs none,Profile visits + bio link clicks
2027-01-02 (Sat),13,Trend slot,New Year trend slot,(from the trend),9–20s,Template render,Adapt or fallback,—,—,Question ending (no CTA),—,games to play with friends,#steam #coopgames #gamestoplaywithfriends #webothplay,Trending sound ONLY if it is in the Commercial Music Library; else original audio,end card (renderer end-card),Fill on the day (≤30 min) — fallback concept noted,Trend slot — fill with a trending format or post the fallback,Series title on screen vs none,Views at 24h vs. account median
2027-01-03 (Sun),13,P4 Roulette,"Spin It: new year, new rule",2027 rule: the wheel decides,9s,Template render,Reel → Deep Rock Galactic,New year. New rule. Nobody argues with the wheel.,Tonight's pick: Deep Rock Galactic,Question ending (no CTA),"new year, new rule: the wheel decides what we play",steam game roulette,#steam #coopgames #gamestoplaywithfriends #webothplay,"CML upbeat bed + UI SFX (clicks, whoosh on reveal); no copyrighted music",renderer template: roulette (posts.json id W13-SUN); voiceover (own voice or TikTok TTS); end card (renderer end-card),Rendered — ready to post (marketing/renders/posts/),Planned — baseline (publish),Series title on screen vs none,Completion rate (% watched in full)
